{"top":40.42118647816651,"left":-4.34702941894532,"bottom":40.34706892232737,"right":-4.197509460449225}